recipeID,recipeName,calorie,recipeDescription
1,iste,66635000,Unde fugiat aut modi totam. Sequi omnis doloribus facilis ut et sed explicabo. Modi eaque at minima minus sit. Qui soluta sit illum voluptatem. Voluptatibus dolor quisquam dolorum laborum impedit.
2,labore,5737,Vel modi labore quibusdam exercitationem repellat quae. Cum debitis deserunt tenetur distinctio in fugiat. Quo corporis officia ut et aut.
3,sit,39872,Pariatur sunt sit ut ut consequatur optio nihil. Consequatur tenetur architecto omnis error magnam debitis. Magni aperiam et officia alias repellat consectetur. Exercitationem aut accusantium omnis voluptatum fugiat asperiores.
4,quia,63291,Officia aut qui deserunt laudantium hic sit. Voluptas velit tenetur sunt dolorem iure et repellat.
5,assumenda,0,Iste est quis quam veniam quae nihil quisquam. Enim sunt aut ea vel nesciunt officia fuga. Dolore atque quas deserunt dignissimos. Libero qui assumenda id fugit hic.
6,ea,479,Nam ut ipsum fuga non voluptatibus dolores. Consequuntur et asperiores aliquam dicta laborum iste. Eius expedita aut molestias optio perferendis dolorum sapiente.
7,voluptas,315,Ullam voluptate deserunt illum aliquam necessitatibus. Esse commodi voluptate quod ea libero rerum.
8,voluptatem,8,Hic ex non quia commodi id ut dolorem. Dolor dicta non facilis cumque aspernatur eveniet. Aliquam laboriosam omnis soluta.
9,velit,22712900,Aliquid neque et et quas exercitationem. Id voluptas rerum eum et.
10,nam,770,Provident libero mollitia qui eum. Quod consequatur debitis vitae distinctio. Est sed dolores voluptatum nulla vel saepe qui. Consequatur suscipit amet id dignissimos soluta ut et.
11,molestiae,6840,Dolorum eligendi quia dolorem earum iure officiis voluptas optio. Impedit ullam assumenda rerum accusamus minima. Omnis dolor impedit natus.
12,beatae,4,Veritatis molestiae odit quia. Voluptas omnis iure debitis et. Autem soluta numquam tempora omnis fugiat. Et ab nihil a animi ratione.
13,ouda,608,Quis da wa la
14,doloremque,2541670,Cumque et quia nam omnis beatae. Omnis qui accusantium aperiam.
15,ouda,608,bes da wa la
16,ut,73884,Ratione ad libero aut. Nam qui modi at eos. Nulla voluptas et distinctio error.
17,voluptas,8,Possimus minima id ipsa praesentium. Voluptatem incidunt omnis ea dolorem excepturi adipisci quis adipisci. Rerum aut eligendi possimus mollitia. Molestiae fugit error harum corporis non natus libero.
18,temporibus,8432610,Labore amet natus repellat explicabo eos. Amet aut commodi omnis fugit sed qui. Aliquid molestiae saepe blanditiis veritatis ut sunt aut. Quia neque corrupti eum nihil suscipit cupiditate sit vel.
19,nostrum,0,Quia delectus ipsum qui nihil non. Perferendis atque quibusdam voluptate.
20,debitis,231821,Consequatur quasi ea atque dolore assumenda velit ea. Facere pariatur porro amet maxime sequi aut molestiae expedita. Eum quasi enim non aspernatur recusandae pariatur. Ut qui eos alias ut.
21,sit,992693000,Quis soluta dicta vel exercitationem error iure esse. Quos error est voluptatem error corrupti natus rem. Consequatur illo delectus adipisci quia aliquid expedita.
22,adipisci,71,Provident suscipit est exercitationem dolor nulla voluptatibus sint. Aliquid harum aperiam molestiae eligendi. Saepe tempora ut rem voluptas perferendis. Voluptatem modi et error enim corrupti.
23,asperiores,3,Eaque sed dolorem officiis exercitationem quia quia est. In earum fugiat numquam asperiores. Aut qui reiciendis odio illo consectetur. Ad aut dicta quam incidunt aspernatur.
24,ipsam,8,Velit suscipit iusto alias hic incidunt aliquam sequi est. Cupiditate velit ea deleniti quia ab saepe exercitationem. Adipisci et qui consequatur possimus sit.
25,ab,73291100,Voluptas qui dolore optio similique omnis cumque facilis. Perferendis praesentium non expedita. Rerum esse dolor quo neque.
26,magnam,151,Illo iste et officia voluptatem. Quas in debitis quia error ab ipsa perspiciatis. Mollitia deserunt cumque praesentium possimus vero laudantium. Nobis fuga doloribus et exercitationem.
27,rerum,0,Labore qui veniam omnis vel ut. Consequatur neque non est.
28,officia,50024,Temporibus perspiciatis iste quod eveniet repudiandae fugiat. Amet inventore natus autem est. Rerum rem ipsum voluptate non. Cum similique est tempora et accusamus inventore.
29,distinctio,1504280,Quis quibusdam blanditiis sapiente et. Ut autem animi laudantium culpa. Cupiditate atque ipsum quasi ipsum vero.
30,est,16461800,Cupiditate est eaque dolores voluptatem odio rem. Corrupti nam amet reprehenderit deleniti cupiditate et. In perferendis enim et quos. Et qui commodi excepturi delectus.
31,assumenda,69403700,Animi placeat vel sed est deleniti qui ducimus possimus. Fuga inventore placeat esse velit quidem illum. Illum aspernatur doloribus magnam ex et tempore nulla qui.
32,eum,250,Ut et placeat porro praesentium enim at odit. Minima omnis in eum magnam possimus. Nesciunt at eligendi deserunt reiciendis aut. Itaque magnam debitis aliquam.
33,harum,52110600,Consequatur et ut ad reprehenderit impedit maxime eaque eos. Consequatur omnis culpa eius asperiores ab odit temporibus. Nam officia rerum et id dignissimos quia quia vel.
34,et,0,Magnam architecto rerum dolor sit iure. Quisquam consectetur beatae vel expedita. Asperiores quia non quis ea debitis quam.
35,et,274940,Aut suscipit nihil enim est ipsam perspiciatis. Est eum est dolor qui recusandae. Cumque modi quas culpa maiores quos sit.
36,est,9029,Sit ut tenetur dolorem sed. Similique dicta atque et est natus delectus illo. Atque iste saepe autem voluptatem.
37,ea,855,Sunt maiores voluptas ipsam quo. Sit aperiam cupiditate ut enim ipsa unde. Odit enim nihil et ut distinctio. Reprehenderit ratione et est amet consequuntur sit praesentium rerum. Est nemo fugit odio nam maxime laborum.
38,repellendus,61350,Consectetur veritatis tenetur iste corrupti repellat vel dolore. Quas sapiente similique commodi et ipsa vitae. Est itaque sit aut sint quaerat. Totam dignissimos velit nam soluta reiciendis itaque.
39,nobis,13701000,Possimus aut fugiat ducimus et eaque. Neque deserunt exercitationem numquam dolorum.
40,id,27,Provident voluptatum laborum accusantium esse sapiente. Iusto ab sit consequatur incidunt et rerum. Officiis maiores officiis eum et omnis minus.
41,tempora,995,Qui nostrum quaerat aut repellat qui ut sequi qui. Qui et id illo et aut repudiandae eum. Quae omnis laborum esse quam velit. Labore aut culpa incidunt est odit qui recusandae.
42,ipsam,512334000,Dicta voluptates et qui et nesciunt quaerat. Omnis maiores dicta incidunt voluptatibus ut dolor. Aliquam qui fuga repellat quasi corporis tenetur illo porro.
43,aut,0,Autem sequi sequi dicta suscipit reiciendis id est numquam. Dicta possimus similique voluptas sint modi. Est voluptas laboriosam tempore fuga eum quis.
44,aliquid,6,Temporibus hic ipsam repudiandae doloribus. In ullam hic veritatis laboriosam quisquam. Debitis dignissimos placeat maiores reiciendis nesciunt iure cum. Omnis ipsum iure necessitatibus aut unde alias. Excepturi aut quo ratione facere ut est at.
45,aliquid,641140,Provident amet labore qui provident atque eum. Omnis dolores labore quis quidem. Voluptatem nostrum quis corrupti voluptatem veritatis et. Doloremque natus fugiat rerum debitis.
46,eos,6013610,Fuga cum a quasi. Cum nihil quo aperiam corporis. Porro ut ducimus quia incidunt voluptatem.
47,est,1065,Ut et perferendis eos dolorem. Vel sed dolorem distinctio aperiam qui corporis dignissimos perferendis. Et sit eveniet et id.
48,magni,860317000,Quia rerum et soluta ab. Dolores aspernatur ut doloremque officiis. Quia in voluptas fuga a.
49,esse,41174,Iste qui et cum eius. Officiis exercitationem vel aliquid. Aut delectus molestias ut nulla praesentium quia. Animi exercitationem vero nisi non reprehenderit molestias.
50,repudiandae,5,Magnam odio facilis vero et. Quae quo et error dignissimos nulla et. Dolores aut sunt vero temporibus a.
51,quia,489,Libero consequuntur vero voluptatem architecto omnis unde et itaque. Sit quam earum eligendi labore nesciunt. Autem assumenda voluptate excepturi dolorem vero nihil eius. Harum veniam ab voluptate ut.
52,ea,40321,Occaecati eum et porro velit qui et. Eum vel esse voluptatem voluptate. Et laudantium pariatur repellendus fuga ipsa. Et ducimus nemo libero autem quis voluptatem ipsam.
53,facere,38068100,Quo sed hic ducimus sint eius at. Sit velit voluptate voluptatem. Illum et ea facere unde dolor cumque. Iste eos autem non consequuntur.
54,labore,76007,Corrupti dignissimos cumque dolorem cumque est. A molestias saepe enim a incidunt repudiandae porro. Dignissimos voluptatum at ut sed voluptate molestiae.
55,voluptas,124,Aut quidem incidunt temporibus ut in vero quibusdam quia. Dolores nam ab molestiae et. Voluptatum eligendi praesentium corrupti nulla. Mollitia sint id maxime ducimus voluptatem cum omnis.
56,consequatur,1,Atque autem vero nesciunt sit eum architecto suscipit rerum. Nihil dolorem alias non aliquid ipsa nulla. Eos aliquam est error animi consequatur. Repellat alias at sint tempore similique.
57,sequi,25840000,Dignissimos ratione cum adipisci mollitia sed quod deserunt. Distinctio delectus sint sunt itaque. Nulla quod sed ratione magnam quia. Quaerat consequuntur qui dicta eos iure nobis et.
58,est,6974880,Et voluptatem vel eos deserunt ipsa reprehenderit deserunt nobis. Harum fugit veritatis eos qui mollitia autem fugiat. Rerum voluptate veniam praesentium voluptatum cumque laboriosam rem. In aliquid consequatur et quia.
59,est,622868000,Placeat ea sunt qui impedit. Labore sint est expedita possimus. Aut adipisci asperiores ratione voluptatem.
60,mollitia,88918,Corrupti vitae voluptas fuga consequatur dolorem voluptatem. Iure ab nemo necessitatibus nihil facere. Aut quidem est delectus quasi fuga praesentium dolorem.
61,vitae,0,Id sunt ut iste est ducimus placeat. Voluptatibus doloremque rerum architecto dolorem. Eveniet totam maiores quidem velit optio.
62,et,8331,Maiores perferendis cupiditate repudiandae rerum praesentium neque. Saepe aperiam odit rerum totam labore distinctio quo aspernatur. Omnis maiores laudantium reprehenderit fugit.
63,aliquam,1652,Recusandae voluptatibus non et saepe qui velit eum. Ipsam commodi quo soluta rem ut. Et ipsa quo temporibus est.
64,adipisci,791,Aperiam sit rem esse. Delectus amet et tempore ipsam sapiente minus maxime. Qui deleniti in molestiae. Iste id nulla dolorem ad hic nihil. Debitis deserunt et aut vel vel rerum sit.
65,eius,801,Quis iusto assumenda iste cupiditate. Animi explicabo quia culpa doloremque.
66,sapiente,47,Rerum sit voluptas repellat quis quibusdam maxime. Incidunt in dolorum molestiae sit beatae sed facilis. In facere asperiores unde dolore amet.
67,aut,49276600,Molestias sed ullam voluptatem. Ut labore velit voluptates cumque recusandae. Quos est quas nihil earum. Unde ut ullam voluptas facere molestias dolorem unde totam. Accusantium et dolore qui.
68,placeat,531784,Aut perferendis perferendis aliquid officiis. Sequi aspernatur ducimus quia fugiat enim saepe ea hic. Qui aliquid amet recusandae ut molestiae.
69,fugit,8,Quis iste ea sint dolorem. Dolorem sed quia expedita sed tenetur laboriosam. Culpa eum aspernatur voluptas sed rerum veniam sed. Ullam debitis non aut eum.
70,non,99,Quam ad modi iusto natus. Eaque ipsam aspernatur sint aperiam laudantium qui. Itaque repellendus occaecati iusto ullam fugit et labore. Cumque ut tempora rerum et nemo.
71,nisi,769150,Eum iste quo ratione illum omnis. Aspernatur cupiditate quia consequatur maxime quia magnam. Ut veniam dolorem est voluptatem autem et tempore placeat. Eaque nesciunt provident magnam eaque dignissimos illum non.
72,animi,552,Culpa atque rerum nihil ratione et et corrupti unde. Ut aliquid ducimus doloribus reprehenderit fuga nobis quas. Veniam ea fugiat qui qui eius velit. Dolore dolores praesentium qui magni aliquam eos.
73,eum,69389700,Vitae voluptatem aut iusto hic inventore. Voluptas rerum ab sint impedit distinctio. Itaque harum quae occaecati ipsa. Facilis quis aliquam voluptate nihil itaque. Asperiores ad sed magni.
74,minus,4,Ex aut est qui voluptatem. Natus deleniti ut atque aliquid non. Impedit voluptas et unde est tenetur perferendis voluptates.
75,accusamus,767955000,Minima fuga reprehenderit sit maxime quos ut rerum pariatur. Aut illum cumque autem omnis ratione assumenda. Iusto adipisci quisquam nihil accusantium non voluptates quia voluptatem. Delectus vel quibusdam non et. Fugiat et voluptatem quia aut corrupti fuga iure itaque.
76,quo,35376900,Fuga et laborum qui veniam nihil nisi sint. Voluptatem ducimus dolorem dolor aperiam sed dolores. Qui dolorem distinctio accusantium aspernatur. Repudiandae eos eos ad architecto nulla.
77,officia,78,Repellat eaque adipisci possimus sed ut aperiam illo. Aut ab sint ducimus.
78,qui,56033,Dolores natus natus totam hic. Fugit sit necessitatibus tempore et provident. Consequuntur harum omnis ut maiores voluptate assumenda. A laborum sed et possimus aut esse.
79,culpa,45758200,Nulla quo dolorum et. Corrupti et illo illum dolor. Minima nisi qui vel quam. Animi optio culpa quisquam. Eaque asperiores et iste.
80,qui,882,Dolorem exercitationem ut labore hic. Reiciendis inventore nulla ducimus soluta voluptatum nulla. Et soluta quia sunt. Ducimus nostrum inventore officiis non.
81,sint,3,Et minima ut impedit asperiores ea. Quod consectetur labore eius maxime repudiandae sed. Occaecati est vel quia officia cumque dolores non.
82,vero,4099410,Ipsam nulla voluptatem hic voluptatem dolor adipisci qui. Ab commodi eaque praesentium possimus. Ut quos voluptatem delectus placeat laboriosam occaecati iusto.
83,ea,358,Sed animi quia architecto quo consequuntur eum. Quo in ut qui quia architecto fugiat. Non explicabo sed consequatur accusantium voluptatem.
84,itaque,5,Numquam iusto blanditiis quia quasi asperiores possimus exercitationem. Consectetur veritatis deleniti sit ut reprehenderit illo dolor. Earum aut sint voluptate dolor autem.
85,illo,0,A earum non animi est suscipit hic eius. Laudantium illo porro dolorem voluptatem non. Quas voluptate ea necessitatibus quia modi. Unde deleniti excepturi eos ut fugiat qui quas.
86,consequuntur,726503,Iusto a ut expedita impedit velit. Aut est consequatur accusamus rerum perspiciatis sequi. Asperiores distinctio voluptas eum vitae. Optio in porro blanditiis odit.
87,porro,8239,Similique fugit consequatur ut voluptas dolorem nobis. Molestias sequi necessitatibus sed harum qui quia. Recusandae quos dolorem omnis quas porro tempora vero. Debitis aut omnis est molestias enim sit voluptas.
88,eos,500966,Facilis est sit aut exercitationem. Sequi at qui neque eos quaerat. Labore laudantium et molestiae quis id sit.
89,quia,741,Qui est corporis animi eos eos. Libero beatae sint delectus repellat quasi. Consequuntur cupiditate architecto nostrum in quo.
90,esse,81061000,Qui quos nemo molestias. Voluptates eum consequuntur ipsum natus dolor eum voluptates. Sed illo vitae quam magni. Nisi vel neque assumenda quasi reiciendis. Sit aut quia consectetur amet.
91,recusandae,0,Non ab dolor molestias voluptas tempore. Sed laborum et tempore autem deserunt. Ut qui illum minima aut vel quis est dignissimos. Eveniet optio aut autem dolores nulla non.
92,voluptas,369416000,Cumque dolore dicta in architecto quasi consequatur consequatur. Qui corrupti error in ut. Et voluptatem beatae ex ut tempora provident minima.
93,ea,6,Quidem beatae delectus at quis. Sapiente voluptatem amet autem ut. Aut nobis odit et.
94,consequatur,411,Voluptatem cupiditate quam officia commodi consectetur illum. Et minima enim consequatur beatae sunt odit reprehenderit. Recusandae ullam similique autem. Et placeat iste aut omnis ullam consequuntur vel.
95,autem,6209730,Deserunt autem minima ut qui. Repellat doloribus aut molestias sint sed voluptates et rerum. Ad vel voluptatem officia explicabo. Hic maiores et tempore blanditiis aut. Accusantium cumque quibusdam beatae eveniet molestiae quod facere.
96,eligendi,5353920,Minima nihil tenetur quo porro qui inventore. Doloribus est illum sed dolores corporis et vel.
97,nihil,81,Et culpa eum quod libero quasi ea similique. Suscipit asperiores quaerat dignissimos quia.
98,perferendis,24,Alias fugit mollitia rem unde inventore ex dolorum. Odio nisi soluta sint quam et earum sint tempora.
99,eius,4807680,Commodi libero velit adipisci quas sit ut maiores hic. Suscipit iste dignissimos architecto reprehenderit commodi quae. Incidunt natus voluptatibus quam fugiat ipsum ea.
100,alias,3567,Nihil cum est natus laborum asperiores. Molestiae placeat voluptatem enim est quaerat sunt. Ipsum veritatis quod consequatur omnis provident aliquam qui rerum. Eum ex non magnam temporibus debitis. Et et voluptate similique error.
101,sed,9415040,Ut non repellat doloremque dolores dolores. Et alias autem voluptatem aspernatur enim. Illo ullam voluptate itaque inventore ipsa.
102,eum,2,Ipsa possimus dolores iste. Quidem nesciunt rerum quo officiis. Voluptates ex quia qui earum impedit sequi. Voluptatibus et quisquam a amet et.
103,hic,66,Ut quia id et alias nostrum est. Et ullam natus necessitatibus iure expedita cupiditate. Beatae minus corporis error quia quas sequi et est. Eius nulla pariatur officia voluptas et ducimus.
104,quos,77430,Ut porro qui eos est eligendi eaque. Dicta at eaque et non distinctio iusto facere mollitia. Quia et et qui provident atque ea illo.
105,assumenda,403,Voluptate quae itaque occaecati illo libero delectus. Ipsum quis aut aperiam facere tempora doloremque. Dicta mollitia et quis consectetur delectus.
106,rerum,4777160,Unde voluptatem voluptatem eligendi atque ab. Aspernatur mollitia et pariatur facere laborum. Facere provident ipsum facilis est atque provident et.
107,et,75995900,Perferendis sunt architecto sunt beatae voluptatem illum. Deserunt animi laudantium dolorem et placeat cupiditate magni nemo.
108,deleniti,901068,A repellat dolore cumque nesciunt ipsum. Aut earum quia repellendus sequi inventore omnis. Ipsam officiis possimus voluptate vitae necessitatibus.
109,qui,74,Cumque quas laboriosam minima inventore consequatur velit. Consequatur consequuntur qui nemo dolorem. Porro rerum omnis velit architecto nostrum enim.
110,repellat,76010,Ut unde quis adipisci. Sed provident similique ut vitae illum laborum quod quas. Libero qui qui rerum qui at quos veniam porro. Repudiandae odio ut et expedita voluptatum qui.
111,aut,2137,Facere mollitia repudiandae officiis quia dolor. Consequatur ducimus inventore perspiciatis in reprehenderit porro. Sint aut modi non et et. Voluptates ab corporis doloribus molestiae consectetur ipsam molestias.
112,sint,54968200,Quisquam cumque magnam repellendus. Facere aut molestias incidunt provident odio. Consequatur eum nulla dolor in et alias expedita. Omnis excepturi quidem quaerat soluta consequatur facere rerum. Suscipit minima expedita sed est necessitatibus.
113,aut,354560000,Enim optio rerum molestias magnam. Natus amet molestias eius facilis est. Fugit id sed officia et quia et aliquid. Sed et ullam unde eveniet maiores quaerat asperiores.
114,debitis,7673,Nihil amet aut qui sit ab. Quia ut odit dolor aperiam. Explicabo molestiae accusantium quos consequatur animi. Eius nulla qui veritatis inventore ducimus.
115,sit,15,Impedit saepe nihil vitae culpa. Sequi est molestiae modi facere rerum. Ea et expedita totam et ut aspernatur possimus. Voluptatem officiis velit et ea rerum asperiores perspiciatis.
116,repudiandae,1559,Dolores animi praesentium quisquam qui doloribus perspiciatis quo. Explicabo libero magnam labore similique debitis facere id. Voluptatibus consequatur officia officia.
117,quod,52,Nihil consequatur molestias vitae explicabo temporibus optio. Maiores quisquam autem facilis rerum eveniet ratione sunt.
118,ipsam,0,Ullam accusantium deleniti vel ut. Aliquid ab sit voluptatem rem explicabo cum. Id iste neque expedita non. Numquam nisi eum consectetur dolores ea molestias provident.
119,ut,0,Quasi ut et voluptatem ullam qui voluptas. Labore veritatis aspernatur aut non. Est eius deleniti quibusdam.
120,nobis,249,Ducimus laboriosam amet ut voluptatem nobis qui asperiores. Cumque cum reprehenderit sunt et.
121,occaecati,690,Voluptatem et officiis consequuntur similique. Dolore placeat rem deserunt enim provident. Quasi sint tempora sed ad laboriosam molestias ipsam distinctio.
122,aut,693729000,Consequatur vero soluta est quaerat iste unde ut. Aspernatur voluptatum dolorem nobis nobis quia ut adipisci. Ipsam non fuga dolor dolorem eum repellat. Dolor ab earum sed odit occaecati.
123,doloribus,22618300,Dolores aliquid ipsam reprehenderit eaque aut harum. Et sapiente animi atque saepe in suscipit explicabo.
124,voluptatem,4213700,Voluptatem itaque dolores quia aut minima beatae vel. Temporibus dicta consequatur dolorum doloremque. Sapiente consectetur odit voluptatem sit voluptatem rem. Sint veniam suscipit ut ullam incidunt fugit dolores.
125,nostrum,425,Ullam ipsum debitis quo sed soluta sapiente et. Aut et rerum architecto quia iste eum est aspernatur. Ut tempora dignissimos in nesciunt voluptate laboriosam.
126,amet,30,Molestiae consectetur sed in distinctio tempore excepturi. Est aut animi quaerat. Sed expedita quod voluptatem quibusdam tempora.
127,placeat,878,Omnis similique ducimus est vel vero. Aspernatur deleniti quasi aliquam aut porro. Sequi magni sed omnis possimus. Qui libero quisquam et aut omnis voluptatem. Eos dignissimos nisi tempore quaerat.
128,officia,90,Nihil at qui adipisci aperiam eveniet. Vero minus magni nulla atque et quis. Non perspiciatis non omnis laborum ullam ipsa qui suscipit.
129,ea,7911030,Maxime earum voluptas eos et. Vitae et nulla tempore consectetur cumque saepe tempora. Sint reiciendis quidem fugiat. Cum error ut sequi explicabo.
130,facilis,80,Mollitia qui architecto rem nisi vel quis in. Eos quia ea consequatur. Esse exercitationem aut delectus aperiam nesciunt. Fugiat sit debitis sed fuga optio voluptatem qui.
131,possimus,7388030,Omnis dolore architecto accusamus labore. Enim rerum soluta sed error et non. Perspiciatis aut voluptatem aliquam a maiores. Qui quo sed omnis quia placeat quam tempora.
132,nostrum,94,Beatae quibusdam qui voluptas dolore ducimus aut ab. Dolorem culpa ipsum enim. Itaque voluptatem animi natus sit.
133,pariatur,49636900,Deleniti aperiam a illo sit sed ullam. Consequatur repellendus beatae est iste. Voluptatem esse commodi in qui eius numquam. Dolorum occaecati earum numquam officia aut quasi dolores.
134,autem,3,Iusto rem deserunt voluptas iure enim velit voluptate. Sunt nam eaque voluptate laborum et. Hic deserunt quis a vero. Dolor occaecati architecto qui libero eum aspernatur laudantium excepturi. Minima ullam exercitationem velit provident cum.
135,aut,116123000,Est vitae illo quia. Ducimus amet ducimus nostrum est fugit et.
136,vitae,3924500,Enim odio qui dolores aut cumque illo. Consequuntur ipsum aspernatur quis eius tenetur et ut. Fuga consectetur ipsam eos et.
137,dolor,8563,Iure libero non doloribus. Soluta repellat nesciunt qui corporis. Optio enim molestias ipsa cumque earum sed.
138,sunt,39949,Ea vitae natus perferendis facilis amet facilis voluptas nostrum. Deserunt quibusdam officia explicabo repudiandae sint. Facere ipsam dicta quis est facilis architecto.
139,rerum,0,Culpa totam deleniti recusandae recusandae possimus. Voluptatibus dolore in sed asperiores deleniti ut fuga. Accusamus velit occaecati suscipit ipsa dolores ut.
140,beatae,9653,Dolorum corrupti iusto deserunt excepturi. Sed numquam quidem quia reiciendis. Non in ullam a maxime. Aut dicta quis molestiae repellat.
141,dolorem,23,Quibusdam molestiae suscipit sint et. Modi aspernatur molestias atque quae et labore. Ullam voluptatem quidem occaecati.
142,est,8912,Rerum vitae fugit autem voluptas sed est rerum sint. Minima pariatur voluptatibus qui quo. Ullam ipsum consequatur voluptas sed.
143,ducimus,29055,Nihil unde qui hic. Officiis itaque voluptatibus voluptatem natus necessitatibus eveniet ab. Quis distinctio natus et incidunt harum pariatur nihil. Perferendis dicta neque rerum sed.
144,rerum,35870000,Quam et quis velit aut possimus nemo veniam. Provident dolor doloremque recusandae quam cum. Molestias dolores illo quas. Officia fugit et reprehenderit eius.
145,voluptatibus,248,Magni deserunt dolorum rerum cumque fugit. Omnis perferendis sed et expedita facilis. Sit magni cupiditate non nihil. Quidem est enim illum incidunt rerum. Aspernatur ad illum ea sed eum sit reprehenderit et.
146,excepturi,807,Ut debitis eos illum magni ut rem qui. Pariatur quae necessitatibus minima expedita quod. Aut eos id rem reprehenderit commodi provident suscipit.
147,aut,3478130,Eius cumque odit voluptatum non exercitationem enim eum. Consequuntur quis quia exercitationem quis et consequuntur. Iure expedita esse sequi nam.
148,sit,2,Atque error consectetur numquam iste. Earum aut consequatur recusandae. Enim eius consectetur dolor facilis ut et nemo. Eveniet quisquam optio iste consequatur.
149,officia,416,Fugit laboriosam id ut eos accusamus et aliquam officia. Aliquid fugit maiores sit ea voluptas totam cum nihil. Quis et et explicabo dolorem ab impedit. Fuga dolores qui laudantium facere numquam autem.
150,rem,270265000,Cupiditate similique vel perferendis magnam est dolor. Aliquid ipsam illum cupiditate possimus asperiores est. Ullam dolor quo voluptatem quis qui. Repellendus harum molestiae earum qui omnis et.
